Workbook

Sheet Raw Data
A1: KOI - Raw Student Data (Australian Student Performance Dataset 2024)
A2: Student ID | B2: University Name | C2: Age | D2: Gender | E2: Major | F2: Year of Study | G2: GPA | H2: Attendance Rate | I2: Project/Assignment Scores | J2: Midterm Exam Scores | K2: Final Exam Scores | L2: Performance | M2: Mental Health Status | N2: Tutor Support | O2: Scholarship
A3: 1 | B3: University C | C3: 25 | D3: F | E3: EE | F3: 1 | G3: 2.06 | H3: 0.84 | I3: 70 | J3: 84 | K3: 81 | L3: Satisfactory | M3: Fair | N3: 1 | O3: 0
A4: 2 | B4: University A | C4: 26 | D4: F | E4: ME | F4: 4 | G4: 2.12 | H4: 0.73 | I4: 58 | J4: 82 | K4: 79 | L4: Poor | M4: Excellent | N4: 0 | O4: 1
A5: 3 | B5: University C | C5: 20 | D5: M | E5: CS | F5: 4 | G5: 2.72 | H5: 0.96 | I5: 57 | J5: 74 | K5: 53 | L5: Satisfactory | M5: Poor | N5: 1 | O5: 0
A6: 4 | B6: University A | C6: 25 | D6: M | E6: ME | F6: 1 | G6: 3.05 | H6: 0.84 | I6: 61 | J6: 85 | K6: 81 | L6: Needs Improvement | M6: Fair | N6: 0 | O6: 1
A7: 5 | B7: University C | C7: 22 | D7: F | E7: CE | F7: 3 | G7: 1.86 | H7: 0.92 | I7: 85 | J7: 53 | K7: 93 | L7: Good | M7: Fair | N7: 1 | O7: 1
A8: 6 | B8: University C | C8: 22 | D8: F | E8: CE | F8: 1 | G8: 1.74 | H8: 0.66 | I8: 89 | J8: 99 | K8: 68 | L8: Satisfactory | M8: Good | N8: 1 | O8: 0
A9: 7 | B9: University A | C9: 29 | D9: M | E9: CS | F9: 3 | G9: 2.43 | H9: 0.81 | I9: 78 | J9: 97 | K9: 53 | L9: Satisfactory | M9: Poor | N9: 1 | O9: 0
A10: 8 | B10: University A | C10: 23 | D10: M | E10: BA | F10: 4 | G10: 1.96 | H10: 0.77 | I10: 78 | J10: 72 | K10: 79 | L10: Excellent | M10: Excellent | N10: 1 | O10: 1
A11: 9 | B11: University B | C11: 23 | D11: F | E11: CS | F11: 2 | G11: 2.88 | H11: 0.76 | I11: 50 | J11: 83 | K11: 68 | L11: Needs Improvement | M11: Poor | N11: 0 | O11: 0
A12: 10 | B12: University B | C12: 26 | D12: F | E12: ME | F12: 4 | G12: 3.18 | H12: 0.58 | I12: 85 | J12: 78 | K12: 92 | L12: Satisfactory | M12: Good | N12: 1 | O12: 0
A13: 11 | B13: University A | C13: 24 | D13: F | E13: EE | F13: 4 | G13: 1.22 | H13: 0.62 | I13: 79 | J13: 54 | K13: 85 | L13: Satisfactory | M13: Good | N13: 1 | O13: 0
A14: 12 | B14: University C | C14: 26 | D14: M | E14: ME | F14: 1 | G14: 3.79 | H14: 0.69 | I14: 61 | J14: 82 | K14: 62 | L14: Poor | M14: Fair | N14: 0 | O14: 0
... A52: 50 | B52: University B | C52: 25 | D52: M | E52: CS | F52: 2 | G52: 2.65 | H52: 0.58 | I52: 99 | J52: 85 | K52: 75 | L52: Satisfactory | M52: Poor | N52: 0 | O52: 1

Sheet At-Risk Identification
A1: KOI - At-Risk Student Identification (Australian Dataset 2024)
A2: Student ID | B2: Student Name | C2: Subject | D2: Week Number | E2: Total Classes | F2: Classes Attended | G2: Attendance % | H2: Tutorials Total | I2: Tutorials Submitted | J2: Submission % | K2: Quiz Attempted | L2: Tutorial Pass/Fail | M2: AT RISK FLAG | N2: Action Taken | O2: Current Status
A3: AU00001 | B3: F_1 | C3: MIS101 | D3: 4 | E3: 10 | F3: 8 | G3: =F3/E3*100 -> 80 | H3: 5 | I3: 4 | J3: =I3/H3*100 -> 80 | K3: Yes | L3: Pass | M3: =IF(OR(G3<50,J3<50,K3="No"),"AT RISK","OK") -> OK
A4: AU00002 | B4: F_2 | C4: ICT202 | D4: 8 | E4: 10 | F4: 7 | G4: =F4/E4*100 -> 70 | H4: 5 | I4: 3 | J4: =I4/H4*100 -> 60 | K4: Yes | L4: Pass | M4: =IF(OR(G4<50,J4<50,K4="No"),"AT RISK","OK") -> OK
A5: AU00003 | B5: M_3 | C5: BUS301 | D5: 4 | E5: 10 | F5: 10 | G5: =F5/E5*100 -> 100 | H5: 5 | I5: 3 | J5: =I5/H5*100 -> 60 | K5: Yes | L5: Pass | M5: =IF(OR(G5<50,J5<50,K5="No"),"AT RISK","OK") -> OK
A6: AU00004 | B6: M_4 | C6: DAT401 | D6: 8 | E6: 10 | F6: 8 | G6: =F6/E6*100 -> 80 | H6: 5 | I6: 3 | J6: =I6/H6*100 -> 60 | K6: Yes | L6: Pass | M6: =IF(OR(G6<50,J6<50,K6="No"),"AT RISK","OK") -> OK
A7: AU00005 | B7: F_5 | C7: NET102 | D7: 4 | E7: 10 | F7: 9 | G7: =F7/E7*100 -> 90 | H7: 5 | I7: 4 | J7: =I7/H7*100 -> 80 | K7: No | L7: Pass | M7: =IF(OR(G7<50,J7<50,K7="No"),"AT RISK","OK") -> AT RISK
A8: AU00006 | B8: F_6 | C8: MIS101 | D8: 8 | E8: 10 | F8: 7 | G8: =F8/E8*100 -> 70 | H8: 5 | I8: 4 | J8: =I8/H8*100 -> 80 | K8: Yes | L8: Pass | M8: =IF(OR(G8<50,J8<50,K8="No"),"AT RISK","OK") -> OK
A9: AU00007 | B9: M_7 | C9: ICT202 | D9: 4 | E9: 10 | F9: 8 | G9: =F9/E9*100 -> 80 | H9: 5 | I9: 4 | J9: =I9/H9*100 -> 80 | K9: Yes | L9: Pass | M9: =IF(OR(G9<50,J9<50,K9="No"),"AT RISK","OK") -> OK
A10: AU00008 | B10: M_8 | C10: BUS301 | D10: 8 | E10: 10 | F10: 8 | G10: =F10/E10*100 -> 80 | H10: 5 | I10: 4 | J10: =I10/H10*100 -> 80 | K10: Yes | L10: Pass | M10: =IF(OR(G10<50,J10<50,K10="No"),"AT RISK","OK") -> OK
A11: AU00009 | B11: F_9 | C11: DAT401 | D11: 4 | E11: 10 | F11: 8 | G11: =F11/E11*100 -> 80 | H11: 5 | I11: 2 | J11: =I11/H11*100 -> 40 | K11: Yes | L11: Fail | M11: =IF(OR(G11<50,J11<50,K11="No"),"AT RISK","OK") -> AT RISK
A12: AU00010 | B12: F_10 | C12: NET102 | D12: 8 | E12: 10 | F12: 6 | G12: =F12/E12*100 -> 60 | H12: 5 | I12: 4 | J12: =I12/H12*100 -> 80 | K12: Yes | L12: Pass | M12: =IF(OR(G12<50,J12<50,K12="No"),"AT RISK","OK") -> OK
A13: AU00011 | B13: F_11 | C13: MIS101 | D13: 4 | E13: 10 | F13: 6 | G13: =F13/E13*100 -> 60 | H13: 5 | I13: 4 | J13: =I13/H13*100 -> 80 | K13: No | L13: Pass | M13: =IF(OR(G13<50,J13<50,K13="No"),"AT RISK","OK") -> AT RISK
A14: AU00012 | B14: M_12 | C14: ICT202 | D14: 8 | E14: 10 | F14: 7 | G14: =F14/E14*100 -> 70 | H14: 5 | I14: 3 | J14: =I14/H14*100 -> 60 | K14: Yes | L14: Pass | M14: =IF(OR(G14<50,J14<50,K14="No"),"AT RISK","OK") -> OK
... A52: AU00050 | B52: M_50 | C52: NET102 | D52: 8 | E52: 10 | F52: 6 | G52: =F52/E52*100 -> 60 | H52: 5 | I52: 5 | J52: =I52/H52*100 -> 100 | K52: Yes | L52: Pass | M52: =IF(OR(G52<50,J52<50,K52="No"),"AT RISK","OK") -> OK

Sheet Consolidated Report
A1: KOI - Consolidated At-Risk Report (Australian Dataset 2024)
A2: Summary: AT RISK students across all subjects — Week 4 & Week 8
A3: Student ID | B3: Student Name | C3: Subject | D3: Week | E3: Attendance % | F3: Submission % | G3: Quiz Attempted | H3: Action Taken | I3: Still At Risk?
A4: ='At-Risk Identification'!A3 -> AU00001 | B4: ='At-Risk Identification'!B3 -> F_1 | C4: ='At-Risk Identification'!C3 -> MIS101 | D4: ='At-Risk Identification'!D3 -> 4 | E4: ='At-Risk Identification'!G3 -> 80 | F4: ='At-Risk Identification'!J3 -> 80 | G4: ='At-Risk Identification'!K3 -> Yes | H4: ='At-Risk Identification'!N3 -> 0 | I4: =IF('At-Risk Identification'!M3="AT RISK","YES - Needs Follow Up","Resolved") -> Resolved
A5: ='At-Risk Identification'!A4 -> AU00002 | B5: ='At-Risk Identification'!B4 -> F_2 | C5: ='At-Risk Identification'!C4 -> ICT202 | D5: ='At-Risk Identification'!D4 -> 8 | E5: ='At-Risk Identification'!G4 -> 70 | F5: ='At-Risk Identification'!J4 -> 60 | G5: ='At-Risk Identification'!K4 -> Yes | H5: ='At-Risk Identification'!N4 -> 0 | I5: =IF('At-Risk Identification'!M4="AT RISK","YES - Needs Follow Up","Resolved") -> Resolved
A6: ='At-Risk Identification'!A5 -> AU00003 | B6: ='At-Risk Identification'!B5 -> M_3 | C6: ='At-Risk Identification'!C5 -> BUS301 | D6: ='At-Risk Identification'!D5 -> 4 | E6: ='At-Risk Identification'!G5 -> 100 | F6: ='At-Risk Identification'!J5 -> 60 | G6: ='At-Risk Identification'!K5 -> Yes | H6: ='At-Risk Identification'!N5 -> 0 | I6: =IF('At-Risk Identification'!M5="AT RISK","YES - Needs Follow Up","Resolved") -> Resolved
A7: ='At-Risk Identification'!A6 -> AU00004 | B7: ='At-Risk Identification'!B6 -> M_4 | C7: ='At-Risk Identification'!C6 -> DAT401 | D7: ='At-Risk Identification'!D6 -> 8 | E7: ='At-Risk Identification'!G6 -> 80 | F7: ='At-Risk Identification'!J6 -> 60 | G7: ='At-Risk Identification'!K6 -> Yes | H7: ='At-Risk Identification'!N6 -> 0 | I7: =IF('At-Risk Identification'!M6="AT RISK","YES - Needs Follow Up","Resolved") -> Resolved
A8: ='At-Risk Identification'!A7 -> AU00005 | B8: ='At-Risk Identification'!B7 -> F_5 | C8: ='At-Risk Identification'!C7 -> NET102 | D8: ='At-Risk Identification'!D7 -> 4 | E8: ='At-Risk Identification'!G7 -> 90 | F8: ='At-Risk Identification'!J7 -> 80 | G8: ='At-Risk Identification'!K7 -> No | H8: ='At-Risk Identification'!N7 -> 0 | I8: =IF('At-Risk Identification'!M7="AT RISK","YES - Needs Follow Up","Resolved") -> YES - Needs Follow Up
A9: ='At-Risk Identification'!A8 -> AU00006 | B9: ='At-Risk Identification'!B8 -> F_6 | C9: ='At-Risk Identification'!C8 -> MIS101 | D9: ='At-Risk Identification'!D8 -> 8 | E9: ='At-Risk Identification'!G8 -> 70 | F9: ='At-Risk Identification'!J8 -> 80 | G9: ='At-Risk Identification'!K8 -> Yes | H9: ='At-Risk Identification'!N8 -> 0 | I9: =IF('At-Risk Identification'!M8="AT RISK","YES - Needs Follow Up","Resolved") -> Resolved
A10: ='At-Risk Identification'!A9 -> AU00007 | B10: ='At-Risk Identification'!B9 -> M_7 | C10: ='At-Risk Identification'!C9 -> ICT202 | D10: ='At-Risk Identification'!D9 -> 4 | E10: ='At-Risk Identification'!G9 -> 80 | F10: ='At-Risk Identification'!J9 -> 80 | G10: ='At-Risk Identification'!K9 -> Yes | H10: ='At-Risk Identification'!N9 -> 0 | I10: =IF('At-Risk Identification'!M9="AT RISK","YES - Needs Follow Up","Resolved") -> Resolved
A11: ='At-Risk Identification'!A10 -> AU00008 | B11: ='At-Risk Identification'!B10 -> M_8 | C11: ='At-Risk Identification'!C10 -> BUS301 | D11: ='At-Risk Identification'!D10 -> 8 | E11: ='At-Risk Identification'!G10 -> 80 | F11: ='At-Risk Identification'!J10 -> 80 | G11: ='At-Risk Identification'!K10 -> Yes | H11: ='At-Risk Identification'!N10 -> 0 | I11: =IF('At-Risk Identification'!M10="AT RISK","YES - Needs Follow Up","Resolved") -> Resolved
A12: ='At-Risk Identification'!A11 -> AU00009 | B12: ='At-Risk Identification'!B11 -> F_9 | C12: ='At-Risk Identification'!C11 -> DAT401 | D12: ='At-Risk Identification'!D11 -> 4 | E12: ='At-Risk Identification'!G11 -> 80 | F12: ='At-Risk Identification'!J11 -> 40 | G12: ='At-Risk Identification'!K11 -> Yes | H12: ='At-Risk Identification'!N11 -> 0 | I12: =IF('At-Risk Identification'!M11="AT RISK","YES - Needs Follow Up","Resolved") -> YES - Needs Follow Up
A13: ='At-Risk Identification'!A12 -> AU00010 | B13: ='At-Risk Identification'!B12 -> F_10 | C13: ='At-Risk Identification'!C12 -> NET102 | D13: ='At-Risk Identification'!D12 -> 8 | E13: ='At-Risk Identification'!G12 -> 60 | F13: ='At-Risk Identification'!J12 -> 80 | G13: ='At-Risk Identification'!K12 -> Yes | H13: ='At-Risk Identification'!N12 -> 0 | I13: =IF('At-Risk Identification'!M12="AT RISK","YES - Needs Follow Up","Resolved") -> Resolved
A14: ='At-Risk Identification'!A13 -> AU00011 | B14: ='At-Risk Identification'!B13 -> F_11 | C14: ='At-Risk Identification'!C13 -> MIS101 | D14: ='At-Risk Identification'!D13 -> 4 | E14: ='At-Risk Identification'!G13 -> 60 | F14: ='At-Risk Identification'!J13 -> 80 | G14: ='At-Risk Identification'!K13 -> No | H14: ='At-Risk Identification'!N13 -> 0 | I14: =IF('At-Risk Identification'!M13="AT RISK","YES - Needs Follow Up","Resolved") -> YES - Needs Follow Up
A15: ='At-Risk Identification'!A14 -> AU00012 | B15: ='At-Risk Identification'!B14 -> M_12 | C15: ='At-Risk Identification'!C14 -> ICT202 | D15: ='At-Risk Identification'!D14 -> 8 | E15: ='At-Risk Identification'!G14 -> 70 | F15: ='At-Risk Identification'!J14 -> 60 | G15: ='At-Risk Identification'!K14 -> Yes | H15: ='At-Risk Identification'!N14 -> 0 | I15: =IF('At-Risk Identification'!M14="AT RISK","YES - Needs Follow Up","Resolved") -> Resolved
... A53: ='At-Risk Identification'!A52 -> AU00050 | B53: ='At-Risk Identification'!B52 -> M_50 | C53: ='At-Risk Identification'!C52 -> NET102 | D53: ='At-Risk Identification'!D52 -> 8 | E53: ='At-Risk Identification'!G52 -> 60 | F53: ='At-Risk Identification'!J52 -> 100 | G53: ='At-Risk Identification'!K52 -> Yes | H53: ='At-Risk Identification'!N52 -> 0 | I53: =IF('At-Risk Identification'!M52="AT RISK","YES - Needs Follow Up","Resolved") -> Resolved
A56: SUMMARY STATISTICS
A57: Total Students | B57: =COUNTA(A4:A53) -> 50 | C57: AT RISK Count | D57: =COUNTIF(I4:I53,"YES - Needs Follow Up") -> 11 | E57: OK Count | F57: =COUNTIF(I4:I53,"Resolved") -> 39 | G57: AT RISK % | H57: =IFERROR(D57/B57*100,0) -> 22
